Fasta headers,HF_1,HF_2,HF_3,ND_1,ND_2,ND_3,log2_fc_HF_ND,-log10_PVAL_HF_ND
"sp|P51174|ACADL_MOUSE Long-chain specific acyl-CoA dehydrogenase, mitochondrial OS=Mus musculus GN=Acadl PE=1 SV=2",0.046863481200842896,0.03493642388547435,0.03726061421738465,0.18728084488837696,0.3547580430793652,0.04143131183569011,-2.329479986578467,0.7886636154503525
